{"cameraMode":{"drawMode":0,"name":"Shaded","section":"Shading Mode"},"sceneLighting":false,"audioPlay":false,"sceneViewState":{"m_AlwaysRefresh":false,"showFog":true,"showSkybox":false,"showFlares":true,"showImageEffects":true,"showParticleSystems":true,"showVisualEffectGraphs":true,"m_FxEnabled":true},"in2DMode":false,"pivot":{"x":0.013920307159423828,"y":0.005363583564758301,"z":7.152557373046875e-7},"rotation":{"x":0.019384879618883134,"y":0.9758652448654175,"z":-0.19457821547985078,"w":0.09722409397363663},"size":2.014233350753784,"orthographic":true}