{"cameraMode":{"drawMode":0,"name":"Shaded","section":"Shading Mode"},"sceneLighting":false,"audioPlay":false,"sceneViewState":{"m_AlwaysRefresh":false,"showFog":true,"showSkybox":false,"showFlares":true,"showImageEffects":true,"showParticleSystems":true,"showVisualEffectGraphs":true,"m_FxEnabled":true},"in2DMode":false,"pivot":{"x":0.11699944734573364,"y":-13.6899995803833,"z":-0.6599998474121094},"rotation":{"x":0.019384879618883134,"y":0.9758652448654175,"z":-0.19457821547985078,"w":0.09722409397363663},"size":0.1472243368625641,"orthographic":true}