{"cameraMode":{"drawMode":0,"name":"Shaded","section":"Shading Mode"},"sceneLighting":false,"audioPlay":false,"sceneViewState":{"m_AlwaysRefresh":false,"showFog":true,"showSkybox":false,"showFlares":true,"showImageEffects":true,"showParticleSystems":true,"showVisualEffectGraphs":true,"m_FxEnabled":true},"in2DMode":false,"pivot":{"x":-0.0022772513329982759,"y":0.10249897837638855,"z":0.09128205478191376},"rotation":{"x":0.019384879618883134,"y":0.9758652448654175,"z":-0.19457821547985078,"w":0.09722409397363663},"size":0.2964564263820648,"orthographic":true}